{"_type":"export","__export_format":4,"__export_date":"2022-03-25T09:20:17.257Z","__export_source":"insomnia.desktop.app:v2022.2.1","resources":[{"_id":"req_cd3af4eba0934d859f1e5c33f230f9b4","parentId":"wrk_7c3068e768964f8eb25869cccea53350","modified":1648199913361,"created":1647963478583,"url":"https://web-develop-react-express-chat.herokuapp.com/login/","name":"/login/","description":"","method":"POST","body":{"mimeType":"application/json","text":"{\n\t\"userName\": \"Daniel\",\n\t\"password\": \"abc123\"\n}"},"parameters":[],"headers":[{"name":"Content-Type","value":"application/json","id":"pair_dd9406c0f3e148c5bb17de782463af39"}],"authentication":{},"metaSortKey":-1647963478583,"isPrivate":false,"settingStoreCookies":true,"settingSendCookies":true,"settingDisableRenderRequestBody":false,"settingEncodeUrl":true,"settingRebuildPath":true,"settingFollowRedirects":"global","_type":"request"},{"_id":"wrk_7c3068e768964f8eb25869cccea53350","parentId":null,"modified":1647963455088,"created":1647963455088,"name":"ReacrExpressChat","description":"","scope":"collection","_type":"workspace"},{"_id":"req_bb0355667d4a491f8a6c4502544a4752","parentId":"wrk_7c3068e768964f8eb25869cccea53350","modified":1648185401384,"created":1647966158234,"url":"https://web-develop-react-express-chat.herokuapp.com/users/","name":"/users/","description":"","method":"GET","body":{},"parameters":[],"headers":[],"authentication":{},"metaSortKey":-1647963478533,"isPrivate":false,"settingStoreCookies":true,"settingSendCookies":true,"settingDisableRenderRequestBody":false,"settingEncodeUrl":true,"settingRebuildPath":true,"settingFollowRedirects":"global","_type":"request"},{"_id":"req_28b09f4c8f4b4e61964722cc385c6241","parentId":"wrk_7c3068e768964f8eb25869cccea53350","modified":1648199980012,"created":1647967294087,"url":"https://web-develop-react-express-chat.herokuapp.com/message/","name":"/message/","description":"","method":"POST","body":{"mimeType":"application/json","text":"{\n\t\"content\": \"Nada, tú qué hase?\"\n}"},"parameters":[],"headers":[{"name":"Content-Type","value":"application/json","id":"pair_70183fb336ba4fe9b74fa8ec33b8ee9a"}],"authentication":{"type":"basic","useISO88591":false,"disabled":false,"username":"1648199920721","password":"abc123"},"metaSortKey":-1647963478483,"isPrivate":false,"settingStoreCookies":true,"settingSendCookies":true,"settingDisableRenderRequestBody":false,"settingEncodeUrl":true,"settingRebuildPath":true,"settingFollowRedirects":"global","_type":"request"},{"_id":"req_d477e839aafe4d8196aefc15ed55e195","parentId":"wrk_7c3068e768964f8eb25869cccea53350","modified":1648199986926,"created":1647969698449,"url":"https://web-develop-react-express-chat.herokuapp.com/messages/","name":"/messages/","description":"","method":"GET","body":{},"parameters":[],"headers":[],"authentication":{"type":"basic","useISO88591":false,"disabled":false,"username":"1648199920721","password":"abc123"},"metaSortKey":-1647654400284.5,"isPrivate":false,"settingStoreCookies":true,"settingSendCookies":true,"settingDisableRenderRequestBody":false,"settingEncodeUrl":true,"settingRebuildPath":true,"settingFollowRedirects":"global","_type":"request"},{"_id":"env_f0f311f4102e319e3504270c090883b254850149","parentId":"wrk_7c3068e768964f8eb25869cccea53350","modified":1648185503752,"created":1647963455101,"name":"Base Environment","data":{},"dataPropertyOrder":{},"color":null,"isPrivate":false,"metaSortKey":1647963455101,"_type":"environment"},{"_id":"jar_f0f311f4102e319e3504270c090883b254850149","parentId":"wrk_7c3068e768964f8eb25869cccea53350","modified":1647963455105,"created":1647963455105,"name":"Default Jar","cookies":[],"_type":"cookie_jar"},{"_id":"spc_8ddce2c8c44a4054b8122d8b01de5acf","parentId":"wrk_7c3068e768964f8eb25869cccea53350","modified":1647963455092,"created":1647963455092,"fileName":"ReacrExpressChat","contents":"","contentType":"yaml","_type":"api_spec"}]}